Onree Jackson,Onree Jackson,Larry Good,Larry Good,Sonny Wade,Sonny Wade,Alan Pastrana,Alan Pastrana,Tim Carr,Tim Carr,Bob Belden,Bob Belden,Tom Boutwell,Tom Boutwell,Ed Roseborough,Ed Roseborough,Ed Hargett,Ed Hargett,Buster O'Brien,Buster O'Brien,Ronnie South,Ronnie South,John Schneider,John Schneider,Danny Holman,Danny Holman,Greg Barton,Greg Barton,Kim King,Kim King,Jim Alcorn,Jim Alcorn,Henry Johnson,Henry Johnson,Jim Haynie,Jim Haynie,Jeff Beaver,Jeff Beaver,Jimmy Raye,Jimmy Raye,Bob Lee,Bob Lee,Bob David,Bob David,Vidal Carlin,Vidal Carlin,Terry Southall,Terry Southall,Rick Egloff,Rick Egloff,Corey Colehour,Corey Colehour,Bruce Matte,Bruce Matte,John Foruria,John Foruria,Steve Laub,Steve Laub,Dave Bennett,Dave Bennett,Ben Monroe,Ben Monroe,Jack Lentz,Jack Lentz,Paul Brothers,Paul Brothers,Bill Buckner,Bill Buckner,Bob Biletnikoff,Bob Biletnikoff,Dan Talbott,Dan Talbott,Gary Snook,Gary Snook,Jack White,Mike Brundage,Mike Brundage,Ken Lucas,Ken Lucas,Dave Neilson,Dave Neilson,Bob Timberlake,Bob Timberlake,Tommy Myers,Tommy Myers,Brig Owens,Brig Owens,Jhn Hankinson,Jhn Hankinson,Pat Screen,Pat Screen,Dan Simrell,Dan Simrell,Tom LaFramboise,Tom LaFramboise,Billy Guy Anderson,Billy Guy Anderson,John Torok,John Torok,Craig Fertig,Craig Fertig,George Haffner,George Haffner,Perry Lee Dunn,Perry Lee Dunn,Billy Lothridge,Billy Lothridge,Henry Schichtle,Henry Schichtle,Jack Ankerson,Jack Ankerson,Dave Mathieson,Dave Mathieson,Jim Turner,Jim Turner,John Furman,John Furman,Jim Bakken,Jim Bakken,Wilburn Hollis,Wilburn Hollis,Walt Rappold,Walt Rappold,Gale Weidner,Gale Weidner,Charlie Furlow,Charlie Furlow,Mel Rideout,Mel Rideout,Joe Zuger,Joe Zuger,Bob Joiner,Bob Joiner,John Anabo,John Anabo,Ed Trancygier,Ed Trancygier,Jim Wright,Jim Wright,Dick Thornton,Dick Thornton,Jake Gibbs,Jake Gibbs,Lowndes Shingler,Lowndes Shingler,Howard Dyer,Howard Dyer,Jack Moynihan,Jack Moynihan,Don Jonas,Don Jonas,Ben Charles,Ben Charles,George Izo,George Izo,Charley Britt,Charley Britt,Jack Cummings,Jack Cummings,Dick Norman,Dick Norman,Jacky Lee,Jacky Lee,Bobby Waters,Bobby Waters,Dave Grosz,Dave Grosz,Jim Waldon,Jim Waldon,Don Allard,Don Allard,Jim Grazione,Jim Grazione,Mitch Ogiego,Mitch Ogiego,Bob Ptacek,Bob Ptacek,Frank Kremblas,Frank Kremblas,Dan Nolan,Dan Nolan,Jim Van Pelt,Jim Van Pelt,Al Jacks,Al Jacks,Mickey Trimarki,Mickey Trimarki,Ken (Model-T) Ford,Ken (Model-T) Ford,Tom Forestal,Tom Forestal,Ronnie Knox,Ronnie Knox,Bobby Cox,Bobby Cox,Jimmy Harris,Jimmy Harris,Chuck Curtis,Chuck Curtis,Wade Mitchell,Wade Mitchell,Corny Salvaterra,Corny Salvaterra,Kenny Ploen,Kenny Ploen,Gene Cichowski,Gene Cichowski,Ronnie Quillian,Ronnie Quillian,Bob Winters,Bob Winters,Gary Glick,Gary Glick,Em Lindbeck,Em Lindbeck,John Polzer,John Polzer,Tom Spiers,Tom Spiers,George Welsh,George Welsh,Eagle Day,Eagle Day,Eddie West,Eddie West,Pete Neft,Pete Neft,Bobby Fox,Bobby Fox,Jerry Gustafson,Jerry Gustafson,John Shearer,John Shearer,Bobby Lance,Bobby Lance,Rod Hermes,Rod Hermes,Johnny Borton,Johnny Borton,Charley Brackins,Charley Brackins,Pete Vann,Pete Vann,Bobby Garrett,Bobby Garrett,Ted Marchibroda,Ted Marchibroda,Eddie Crowder,Eddie Crowder,Dale Samuels,Dale Samuels,Charlie Maloy,Charlie Maloy,Bill Brehany,Bill Brehany,Vito (Babe) Parilli,Vito (Babe) Parilli,Harry Agganis,Harry Agganis,Don Klosterman,Don Klosterman,Gary Kerkorian,Gary Kerkorian,Bob Williams,Bob Williams,Y.A. Tittle,Y.A. Tittle,John (Model-T) Ford,John (Model-T) Ford,Arnold Galiffa,Arnold Galiffa,Johnny Rauch,Johnny Rauch,Stan Heath,Stan Heath,Y.A. Tittle,Y.A. Tittle,Paul Campbell,Paul Campbell,Gil Johnson,Gil Johnson,Stan Heath,Stan Heath,Frank (Boley) Dancewicz,Frank (Boley) Dancewicz,Frank Broyles,Frank Broyles,Al Kowalski,Al Kowalski,Angelo Bertelli,Angelo Bertelli,Les Horvath,Les Horvath,Paul Christman,Paul Christman,Jack Odle,Jack Odle,Davey O'Brien,Davey O'Brien,Earl Crowder,Earl Crowder,Clarence (Ace) Parker,Clarence (Ace) Parker,Dan Manucci,Dan Manucci,Rick Leach,Rick Leach,Dave Marler,Dave Marler,Danny Sanders,Danny Sanders,Dave Rader,Dave Rader,Larry Fortner,Larry Fortner,Pete Woods,Pete Woods,Mark Manges,Mark Manges,Rob Hertel,Rob Hertel,Mike Rieker,Mike Rieker,Dennis Sproul,Dennis Sproul,Keith Myers,Keith Myers,John Hurley,John Hurley,Fred Besana,Fred Besana,Tommy Duniven,Tommy Duniven,Steve Mathieson,Steve Mathieson,Mark Vitali,Mark Vitali,Steve DeBerg,Steve DeBerg,Mike Cordova,Mike Cordova,Gene Swick,Gene Swick,Bob Bateman,Bob Bateman,Scott Gardner,Scott Gardner,Craig Nagel,Craig Nagel,Steve Kincannon,Steve Kincannon,Bill Salmon,Bill Salmon,Greg Kokal,Greg Kokal,Cornelius Greene,Cornelius Greene,Dave Buckey,Dave Buckey,Joe Bruner,Joe Bruner,Steve Hamilton,Steve Hamilton,Mark Driscoll,Mark Driscoll,Lynn Hieber,Lynn Hieber,Jack Berry,Jack Berry,Jeff Grantz,Jeff Grantz,Gary Sheide,Gary Sheide,Tom Shuman,Tom Shuman,Steve Joachim,Steve Joachim,Harry Knight,Harry Knight,Rich Worley,Rich Worley,Jim McMillan,Jim McMillan,John Graham,John Graham,Tom Doyle,Tom Doyle,Chris Kupec,Chris Kupec,Alvin White,Alvin White,Bill Malouf,Bill Malouf,Mitch Anderson,Mitch Anderson,Alan Chadwick,Alan Chadwick,Greg Hare,Greg Hare,Gary Valbuena,Gary Valbuena,Bob Bobrowski,Bob Bobrowski,Keith Bobo,Keith Bobo,Frank Kolch,Frank Kolch,Don Van Galder,Don Van Galder,Larry Gipa,Larry Gipa,Peil Pennington,Peil Pennington,Craig Holland,Craig Holland,Mike Wells,Mike Wells,Randolph Mattingly,Randolph Mattingly,Dan Werner,Dan Werner,Mike Rae,Mike Rae,Ty Paine,Ty Paine,Matthew Reed,Matthew Reed,Tom Pierantozzi,Tom Pierantozzi,John Madeys,John Madeys,Ted McNulty,Ted McNulty,Eddie McAshan,Eddie McAshan,Eric Crone,Eric Crone,Wayne Estabrook,Wayne Estabrook,Jim Fassel,Jim Fassel,Van Brownson,Van Brownson,Craig Curry,Craig Curry,Mike Franks,Mike Franks,Don Bunce,Don Bunce,James Hamilton,James Hamilton,Eric Guthrie,Eric Guthrie,Rusty Lachaussee,Rusty Lachaussee,Brian Linstrom,Brian Linstrom,Gary Wichard,Gary Wichard,Gordon Longmire,Gordon Longmire,Kelly Cochrane,Kelly Cochrane,Karl Douglas,Karl Douglas,Bryant Salter,Bryant Salter,Frank Harris,Frank Harris,Buddy Lee,Buddy Lee,Rex Kern,Rex Kern,Charlie Richards,Charlie Richards,Tim Von Dulm,Tim Von Dulm,Steve Goepel,Steve Goepel,Busty Underwood,Busty Underwood,Craig Blackford,Craig Blackford,Chuck Hixon,Chuck Hixon,Bill Bynum,Bill Bynum,Ron Maciejowski,Ron Maciejowski,Bob Cutburth,Bob Cutburth,Rusty Clark,Rusty Clark,Mike Cilek,Mike Cilek,Gordon Slade,Gordon Slade,Mike Holmgren,Mike Holmgren,Larry Arnold,Larry Arnold,Bob Stewart,Bob Stewart,Billy Joe Tolliver,Billy Joe Tolliver,Jeff Francis,Jeff Francis,Brent Snyder,Brent Snyder,Terrance Jones,Terrance Jones,Paul Singer,Paul Singer,Bob Jean,Bob Jean,Wayne Johnson,Wayne Johnson,Steve Taylor,Steve Taylor,Chuck Hartlieb,Chuck Hartlieb,Tom Tupa,Tom Tupa,Don McPherson,Don McPherson,Mike Perez,Mike Perez,Bud Keyes,Bud Keyes,Todd Santos,Todd Santos,Danny McCoin,Danny McCoin,Danny McManus,Danny McManus,David Weber,David Weber,Steve Slayden,Steve Slayden,Doug Hudson,Doug Hudson,Sammy Garza,Sammy Garza,Ken Lambiotte,Ken Lambiotte,John Paye,John Paye,Dave Walter,Dave Walter,Mike Shula,Mike Shula,Jim Karsatos,Jim Karsatos,Bill Ransdell,Bill Ransdell,Robbie Bosco,Robbie Bosco,Doug Gaynor,Doug Gaynor,Mike Norseth,Mike Norseth,Jeff Wickersham,Jeff Wickersham,Chris Hegg,Chris Hegg,David Norrie,David Norrie,Kent Austin,Kent Austin,Brian McClure,Brian McClure,Steve Bradley,Steve Bradley,Scott Barry,Scott Barry,Steve Calabria,Steve Calabria,Paul Berner,Paul Berner,Buddy Funck,Buddy Funck,Joe Shield,Joe Shield,Rick McIvor,Rick McIvor,Dean May,Dean May,Ben Bennett,Ben Bennett,Terry Nugent,Terry Nugent,Mark Casale,Mark Casale,Randy Essington,Randy Essington,Jeff Christensen,Jeff Christensen,Reggie Collier,Reggie Collier,Jim Bob Taylor,Jim Bob Taylor,Clete Castper,Clete Castper,David Mangrum,David Mangrum,Scott Lindquist,Scott Lindquist,Mike Kelley,Mike Kelley,Luc Tousignant,Luc Tousignant,Bob Lane,Bob Lane,Bryan Clark,Bryan Clark,Ron Reeves,Ron Reeves,Steve Michuta,Steve Michuta,Steve Sandon,Steve Sandon,Dan Feraday,Dan Feraday,Brad Wright,Brad Wright,Mark Reed,Mark Reed,Nickie Hall,Nickie Hall,Phil Kessel,Phil Kessel,Tim Clifford,Tim Clifford,Rick Trocano,Rick Trocano,Brian Buckley,Brian Buckley,Mark O'Connell,Mark O'Connell,Gene Bradley,Gene Bradley,Craig Bradshaw,Craig Bradshaw,Todd Krueger,Todd Krueger,Dan Hartwig,Dan Hartwig,Mike Wright,Mike Wright,Jimmy Jordan,Jimmy Jordan,Kevin Scanlon,Kevin Scanlon,Kevin Daft,Kevin Daft,Pat Barnes,Pat Barnes,Chuck Clements,Chuck Clements,Tony Corbin,Tony Corbin,Ronnie McAda,Ronnie McAda,Spence Fischer,Spence Fischer,Mike Cawley,Mike Cawley,Jon Stark,Jon Stark,Kyle Wachholtz,Kyle Wachholtz,Chad May,Chad May,Dave Barr,Dave Barr,Jay Barker,Jay Barker,Jerry Colquitt,Jerry Colquitt,John Walsh,John Walsh,Perry Klein,Perry Klein,Jay Walker,Jay Walker,Billy Joe Hobert,Billy Joe Hobert,Gino Torretta,Gino Torretta,Chris Hakel,Chris Hakel,Mike Pawlawski,Mike Pawlawski,Mark Barsotti,Mark Barsotti,Keithen McCant,Keithen McCant,Cornelius Benton,Cornelius Benton,Matt Rodgers,Matt Rodgers,Bill Muscrave,Bill Muscrave,Pat O'Hara,Pat O'Hara,Jeff Bridewell,Jeff Bridewell,Larry Wanke,Larry Wanke,Tommy Hodson,Tommy Hodson,Peter Tom Willis,Peter Tom Willis,Craig Kupp,Craig Kupp,Gerry Gdowski,Gerry Gdowski,Kirk Baumgartner,Kirk Baumgartner,Todd Ellis,Todd Ellis,Clemente Gordon,Clemente Gordon,Todd Hammel,Todd Hammel,Gene Benhart,Gene Benhart,John Gromos,John Gromos,Major Harris,Reggie Slack,Reggie Slack,John David Booty,John David Booty,Josh Johnson,Andre' Woodson,Andre' Woodson,Jordan Palmer,Jordan Palmer,Omar Jacobs,Omar Jacobs,D.J. Shockley,D.J. Shockley,David Greene,David Greene,Stefan Lefors,Stefan Lefors,Adrian McPherson,Adrian McPherson,James Kilian,James Kilian,J.P. Losman,J.P. Losman,Jeff Smoker,Jeff Smoker,Casey Bramlet,Casey Bramlet,B.J. Symons,B.J. Symons,Brian St. Pierre,Brian St. Pierre,Brandon Doman,Brandon Doman,J.T. O'Sullivan,J.T. O'Sullivan,Steve Bellisari,Steve Bellisari,Seth Burford,Seth Burford,Jeff Kelly,Jeff Kelly,Wes Pate,Wes Pate,A.J. Feeley,A.J. Feeley,Josh Booty,Josh Booty,Josh Heupel,Josh Heupel,Giovanni Carmazzi,Giovanni Carmazzi,Todd Husak,Todd Husak,JaJuan Seider,JaJuan Seider,Joe Hamilton,Joe Hamilton,Daniel Jones,Tanner Lee,Tanner Lee,C.J. Beathard,C.J. Beathard,A.J. McCarron,A.J. McCarron,B.J. Daniels,B.J. Daniels,B.J. Coleman,B.J. Coleman,T.J. Yates,T.J. Yates,Bo Nix,Bo Nix,Malik Willis,Mac Jones,Jordan Love,Jordan Love
